{
  "elapsed_sec": 9.175825018435717,
  "mean_rmse": 23.283326826513743,
  "mean_score": 4825,
  "test_len": 249
}