{
  "elapsed_sec": 3.1204059049487114,
  "mean_rmse": 20.85789750045654,
  "mean_score": 7303,
  "test_len": 100
}