{
  "elapsed_sec": 2.8672764524817467,
  "mean_rmse": 20.85789750045654,
  "mean_score": 7303,
  "test_len": 100
}