{
  "elapsed_sec": 7.1375823356211185,
  "mean_rmse": 25.511930616219242,
  "mean_score": 8014,
  "test_len": 249
}