{
  "elapsed_sec": 3.7785027660429478,
  "mean_rmse": 27.69840343808573,
  "mean_score": 11236,
  "test_len": 100
}