{
  "elapsed_sec": 2.9411000795662403,
  "mean_rmse": 15.906543136293982,
  "mean_score": 7406,
  "test_len": 100
}