{
  "elapsed_sec": 3.0052809230983257,
  "mean_rmse": 14.73104695186645,
  "mean_score": 3965,
  "test_len": 100
}