{
  "elapsed_sec": 7.521604869514704,
  "mean_rmse": 48.27967644348503,
  "mean_score": 62144,
  "test_len": 249
}