{
  "elapsed_sec": 8.378454647958279,
  "mean_rmse": 54.59740480016808,
  "mean_score": 144737,
  "test_len": 249
}