{
  "elapsed_sec": 7.579967632889748,
  "mean_rmse": 54.91965624989311,
  "mean_score": 122043,
  "test_len": 249
}