{
  "elapsed_sec": 7.414248429238796,
  "mean_rmse": 12.170842677354862,
  "mean_score": 998,
  "test_len": 249
}