{
  "elapsed_sec": 2.976622451096773,
  "mean_rmse": 51.99547269191472,
  "mean_score": 131897,
  "test_len": 100
}