{
  "elapsed_sec": 7.130968131124973,
  "mean_rmse": 12.182418689221626,
  "mean_score": 866,
  "test_len": 249
}