{
  "elapsed_sec": 3.0626759752631187,
  "mean_rmse": 15.907326441805521,
  "mean_score": 7407,
  "test_len": 100
}