{
  "elapsed_sec": 3.6190610751509666,
  "mean_rmse": 14.73104695186645,
  "mean_score": 3965,
  "test_len": 100
}