{
  "elapsed_sec": 3.0676611103117466,
  "mean_rmse": 23.317617961595115,
  "mean_score": 11511,
  "test_len": 100
}