{
  "elapsed_sec": 3.445989564061165,
  "mean_rmse": 16.930588620090322,
  "mean_score": 4431,
  "test_len": 100
}