{
  "elapsed_sec": 7.598746787756681,
  "mean_rmse": 12.227503850746682,
  "mean_score": 848,
  "test_len": 249
}