{
  "elapsed_sec": 3.0091884434223175,
  "mean_rmse": 16.825668420578108,
  "mean_score": 4478,
  "test_len": 100
}