{
  "elapsed_sec": 7.617101851850748,
  "mean_rmse": 25.511930616219242,
  "mean_score": 8014,
  "test_len": 249
}