{
  "elapsed_sec": 7.182847674936056,
  "mean_rmse": 12.030367544514787,
  "mean_score": 881,
  "test_len": 249
}