{
  "elapsed_sec": 7.0523550398647785,
  "mean_rmse": 12.18601972883934,
  "mean_score": 1003,
  "test_len": 249
}